Key,Type,Desc,Korean,English,Japanese,Chinese,Chinese
Buff/B_Sakuya_10Rare_0_Description,Text,,패에 있는 스킬을 사용할 수 없습니다.,Cannot use skills in hand.,手札からスキルを使用できない。,无法使用手中的技能。,无法使用手中的技能。
Buff/B_Sakuya_10Rare_0_Name,Text,,시부「프라이빗 스퀘어」,Time Sign "Private Square",時符「プライベートスクウェア」,时符「个人空间」,时符「个人空间」
Buff/B_Sakuya_10Rare_Description,Text,,,,,,
Buff/B_Sakuya_10Rare_Name,Text,,시부「프라이빗 스퀘어」,Time Sign "Private Square",時符「プライベートスクウェア」,时符「个人空间」,时符「个人空间」
Buff/B_Sakuya_12Rare_Description,Text,,"카운트다운 동안, 패시브 ""시간을 조종하는 정도의 능력"" 효과가 발동되지 않습니다; 자신의 모든 기술이 0비용이 되고, 신속, 카운트다운 1이 부여되며, 어떤 방식으로도 기술을 뽑을 수 없습니다.","During countdown, the passive effect ""Ability to Manipulate Time"" will not activate; all of your skills cost 0, gain Swiftness, countdown 1, and skills cannot be drawn by any means.",カウントダウン中、パッシブの「時間を操る程度の能力」は発動せず、自身のスキルはすべてコストが0になり、カウントダウン1と迅速を得る。またいかなる方法でもスキルを引けない。,倒计时期间，被动“操纵时间程度的能力”效果将不会发动；所有自己的技能变为0费，附加迅速、倒计时1，并且无法以任何方式抽取技能。,倒计时期间，被动“操纵时间程度的能力”效果将不会发动；所有自己的技能变为0费，附加迅速、倒计时1，并且无法以任何方式抽取技能。
Buff/B_Sakuya_12Rare_Name,Text,,「퍼펙트 메이드」,Perfect Maid,パーフェクトメイド,完美女仆,完美女仆
Buff/B_Sakuya_1_Name,Text,,광속「C. 리코셰」,Light Speed "C. Ricochet",光速「C.リコシェ」,光速「光速跃迁」,光速「光速跃迁」
Buff/B_Sakuya_3_Name,Text,,환재「클락 콥스」,Illusion Existence "Clock Corpse",幻在「クロックコープス」,幻在「钟表的残骸」,幻在「钟表的残骸」
Buff/B_Sakuya_4_Description,Text,,방해 디버프를 받으면 &a의 피해를 입습니다.,"When you are inflicted with an interference debuff, suffer &a damage.",自身が妨害デバフを受けたとき、&aのダメージを受ける。,当自身被施加干扰减益时，受到&a伤害。,当自身被施加干扰减益时，受到&a伤害。
Buff/B_Sakuya_4_Name,Text,,칼날 정지,Suspended Flying Knife,停滞-フライングナイフ,悬滞的飞刃,悬滞的飞刃
Buff/B_Sakuya_4_new_Description,Text,,"「마술」의 추가효과가 발동되거나 [시계「루나 다이얼」]을 사용할 때마다 
무작위 적에게%a(30%)의 데미지를 줍니다.","Each time you trigger the additional effect of ""Lunar Magic"" or use [Watch ""Lunar Dial""], deal %a (30%) damage to a random enemy.",<color=#4169E1>ルナマジック</color>の効果の発動または「時計-ルナダイアル」を使用するたび、ランダムな敵1体に%a(30%)のダメージを与える。,每次自己触发「月魔术」的额外效果、或使用[时计「月时计」]时，对随机敌人造成%a(30%)伤害。,每次自己触发「月魔术」的额外效果、或使用[时计「月时计」]时，对随机敌人造成%a(30%)伤害。
Buff/B_Sakuya_4_new_Name,Text,,칼날 정지,Suspended Flying Knife,停滞-フライングナイフ,悬滞的飞刃,悬滞的飞刃
Buff/B_Sakuya_5_Description,Text,,,,,,
Buff/B_Sakuya_5_Name,Text,,시부「퍼펙트 스퀘어」,Time Sign "Perfect Square",時符「パーフェクトスクウェア」,时符「完美空间」,时符「完美空间」
Buff/B_Sakuya_5_new_Description,Text,,,,,,
Buff/B_Sakuya_5_new_Name,Text,,「퍼펙트 스퀘어」,Perfect Square,パーフェクトスクウェア,完美空间,完美空间
Buff/B_Sakuya_6_0_Description,Text,,"공격을 받을 때, 사쿠야는 공격자에게 &a의 반격 피해를 입힙니다<color=#FF7A33>(공격력의 30%)</color>.
발동 후 1층을 제거합니다.","When attacked, Sakuya counterattacks the source for &a damage <color=#FF7A33>(30% of ATK)</color>. 
Removes 1 stack after triggering.","攻撃を受けたとき、咲夜が攻撃者に&a<color=#FF7A33>(攻撃力の30%)</color>で反撃を行う。
効果発動時、ストックが1減少する。","受到攻击时，咲夜会对来源进行一次&a伤害的反击<color=#FF7A33>(攻击力的30%)</color>。
触发后移除一层。","受到攻击时，咲夜会对来源进行一次&a伤害的反击<color=#FF7A33>(攻击力的30%)</color>。
触发后移除一层。"
Buff/B_Sakuya_6_0_Name,Text,,환혹 효과,Illusion Effect,幻惑ミスディレクション,幻惑效应,幻惑效应
Buff/B_Sakuya_6_Description,Text,,"다른 아군이 기술의 대상으로 선택될 때, 대상을 자신으로 변경합니다.
발동 후 1층을 제거합니다.","When another ally is targeted by a skill, redirect the target to yourself. 
Removes 1 stack after triggering.","他の味方がスキルの対象になったとき、その対象を自身に変更する。
効果発動時、ストックが1減少する。","其他友军被选定为技能的目标时，使目标改为指向自己。
触发后移除一层。","其他友军被选定为技能的目标时，使目标改为指向自己。
触发后移除一层。"
Buff/B_Sakuya_6_Name,Text,,오도 효과,Misdirection Effect,トンネルエフェクト,误导效应,误导效应
Buff/B_Sakuya_8_Name,Text,,특제 초시계,Special Stopwatch,特製ストップウォッチ,特制秒表,特制秒表
Buff/B_Sakuya_9_Name,Text,,출혈,Bleeding,出血,流血,流血
Buff/B_Sakuya_Knife_Description,Text,,"현재 쌓인 비도 수: &a
각 비도는 5%의 치명타율과 회피율을 제공합니다.
치명타 피해를 입히거나 회피할 때, 비도 1개를 소모하여 추가 공격을 한 번 더 가해 &a의 피해를 입힙니다<color=#FF7A33>(공격력의 30%)</color>.","Current accumulated daggers: &a. 
Each dagger grants 5% Critical rate and Evasion. 
When dealing Critical damage or evading, consume 1 dagger to perform a Follow-up attack dealing &a damage <color=#FF7A33>(30% of ATK)</color>.","現在のフライングナイフの数：&a
フライングナイフの数1つにつき、クリティカル率と回避率が5%増加する。
クリティカルまたは攻撃を回避したとき、フライングナイフを1つ消費して&a<color=#FF7A33>(攻撃力の30%)</color>のダメージを与える。","当前积攒的飞刀数：&a
每把飞刀提供5%暴击率和闪避率。
造成暴击伤害或闪避时，消耗1把飞刀，额外进行一次追加攻击，造成&a伤害<color=#FF7A33>(攻击力的30%)</color>。","当前积攒的飞刀数：&a
每把飞刀提供5%暴击率和闪避率。
造成暴击伤害或闪避时，消耗1把飞刀，额外进行一次追加攻击，造成&a伤害<color=#FF7A33>(攻击力的30%)</color>。"
Buff/B_Sakuya_Knife_Name,Text,,<color=#EEE9E9>시간 정지 비도</color>,<color=#EEE9E9>Time-Stop Dagger</color>,<color=#EEE9E9>時間停止-フライングナイフ</color>,<color=#EEE9E9>时停飞刀</color>,<color=#EEE9E9>时停飞刀</color>
Buff/B_Sakuya_LucyD_2_Description,Text,,치명타 또는 회피를 발동할 때 기술 1개를 뽑습니다(최대 4회 발동).,Draw 1 skill when triggering Critical or Evasion (max 4 triggers).,クリティカルまたは攻撃を回避したとき、スキルを1枚引く。(最大4枚)。,触发暴击或闪避时抽取1个技能（最多触发4次）。,触发暴击或闪避时抽取1个技能（最多触发4次）。
Buff/B_Sakuya_LucyD_2_Name,Text,,팽창 공간,Expanding Space,インフレーションスクウェア,膨胀空间,膨胀空间
Buff/B_Sakuya_P_0_Description,Text,,"4중첩 시, [시계「루나 다이얼」]을 1장 패에 추가합니다.","Every 4 stacks, add 1 [Watch ""Lunar Dial""] to your hand.",ストックが4になるたび、「時計-ルナダイアル」を手札に1枚加える。,每叠加4层，将1张“时计「月时计」”加入手中。,每叠加4层，将1张“时计「月时计」”加入手中。
Buff/B_Sakuya_P_0_Name,Text,,시간정지,<color=#00BFFF>Time Stop</color>,<color=#00BFFF>タイムストップ</color>,<color=#00BFFF>时钟停摆</color>,<color=#00BFFF>时钟停摆</color>
Buff/B_Sakuya_P_Description,Text,,행동불가,Cannot take action.,行動不能。,无法行动。,无法行动。
Buff/B_Sakuya_P_Name,Text,,「루나 다이얼」,Lunar Dial,ルナダイアル,月时计,月时计
Character/IzayoiSakuya_CampSelectWord,Text,,이곳의 「시간」은 이상하군요. 제가 해결해 드릴까요?,The flow of "Time" here is distorted. Shall I fix it?,ここは「時間」がずれていますね。直しましょうか？,这个地方的「时间」不对劲哟。要我帮你解决吗？,这个地方的「时间」不对劲哟。要我帮你解决吗？
Character/IzayoiSakuya_PassiveDes,Text,,"<b>시간을 조종하는 정도의 능력</b> - 기술을 낼 때마다, 카운트다운 중인 사쿠야의 모든 기술의 카운트다운을 1 감소시킵니다. 이 효과로 카운트다운이 감소할 때마다, <color=#EEE9E9>시간 정지 비도</color> 1개를 얻습니다.

<b>위험한 마술사</b> - 사쿠야가 손의 가장 위쪽이나 가장 아래쪽에 있는 기술을 낼 때마다, <color=#00BFFF>시계 정지</color> 1층을 얻습니다. <color=#00BFFF>시계 정지</color>가 4층 쌓이면, ""시계「월시계」"" 1장을 손에 추가합니다.

<b><color=#4169E1>월마술</color></b> - 사쿠야의 일부 기술이 손의 가장 위쪽이나 가장 아래쪽에 있을 때 발동되면, 추가 효과를 발동할 수 있습니다.","<b>Ability to Manipulate Time</b> - Each time a skill is played, reduce countdown of all Sakuya's skills by 1. For each skill affected, gain 1 <color=#EEE9E9>Time-Stop Dagger</color>.

<b>Dangerous Trickster</b> - Each time Sakuya plays a skill from the top/bottom of hand, gain 1 stack of <color=#00BFFF>Time Stop</color>. At 4 stacks, add 1 [Watch ""Lunar Dial""] to hand.

<b><color=#4169E1>Lunar Magic</color></b> - Certain skills trigger additional effects when played from the top/bottom of hand.","<b>時間を操る程度の能力</b>：手札からスキルを使用するたび、カウントダウン欄にある咲夜のスキルのカウントダウンが1減少する。この効果によってカウントダウンが減少したスキル1つにつき、<color=#EEE9E9>時間停止-フライングナイフ</color>を1ストック得る。。

<b>危険な手品師</b>：手札の一番上または一番下にある咲夜のスキルを使用するたび、<color=#00BFFF>タイムストップ</color>を1ストック得る。<color=#00BFFF>タイムストップ</color>のストックが4になるたび、「時計-ルナダイアル」を手札に1枚加える。

<b><color=#4169E1>ルナマジック</color></b>：咲夜の一部のスキルは手札の一番上または一番下から使用するとき、追加効果が発動する。","<b>操纵时间程度的能力</b> - 每次打出技能时，使所有处于倒计时中的十六夜咲夜的技能倒计时减少1点。每有1个技能因这个效果减少倒计时，获得1把<color=#EEE9E9>时停飞刀</color>。

<b>危险的戏法家</b> - 咲夜每次打出位于手中最上方或最下方的技能时，获得1层<color=#00BFFF>时钟停摆</color>。<color=#00BFFF>时钟停摆</color>堆叠至4层后，将1张“时计「月时计」”加入手中。

<b><color=#4169E1>月魔术</color></b> - 咲夜的部分技能在位于手中最上方或最下方被打出时，能够触发额外效果。","<b>操纵时间程度的能力</b> - 每次打出技能时，使所有处于倒计时中的十六夜咲夜的技能倒计时减少1点。每有1个技能因这个效果减少倒计时，获得1把<color=#EEE9E9>时停飞刀</color>。

<b>危险的戏法家</b> - 咲夜每次打出位于手中最上方或最下方的技能时，获得1层<color=#00BFFF>时钟停摆</color>。<color=#00BFFF>时钟停摆</color>堆叠至4层后，将1张“时计「月时计」”加入手中。

<b><color=#4169E1>月魔术</color></b> - 咲夜的部分技能在位于手中最上方或最下方被打出时，能够触发额外效果。"
Character/IzayoiSakuya_PassiveName,Text,,완벽하고 소쇄한 메이드,The Perfect and Elegant Servant,完全で瀟洒な従者,完美潇洒的女仆,完美潇洒的女仆
Character/IzayoiSakuya_SelectInfo,Text,,"이자요이 사쿠야는 흡혈귀의 저택, 홍마관의 메이드장입니다.
이변을 해결 하는 도중 길을 잃고 방주로 흘러들어온 후, 조사단에 합류하게되었습니다.
그녀의 시간을 다루는 정도의 능력을 십분 활용하여 방주의 살림살이를 도맡아 하고있습니다.

그녀는 핸드카드의 위치를 유연하게 조절할 수있으며, 
상단과 하단에 위치한 스킬의 추가효과를 이용하여 효과적으로 공격합니다.
또한 이 방법을 통해 충분한 자원이 축적되면 적의 시간을 멈출 수 있습니다.","Sakuya Izayoi manipulates cards and time. 

Skills played from the top/bottom of hand trigger bonus effects. Skills can rearrange hand order. 

Accumulate resources through this method to stop enemy time.","十六夜咲夜は手札の時間を操る魔術師である。

手札の一番上または一番下にあるときに追加効果が発動したり、スキルを使用して手札の位置を自由に交換する。

この方法で十分なリソースを得たとき、敵の時間を止めることができる。","十六夜咲夜是玩弄手牌与时间的魔术师。

当手牌在最顶上或最底下能够触发额外效果，能够使用技能灵活变换手牌的位置。

当通过这种方法积攒足够资源后，还能够停止敌人的时间。","十六夜咲夜是玩弄手牌与时间的魔术师。

当手牌在最顶上或最底下能够触发额外效果，能够使用技能灵活变换手牌的位置。

当通过这种方法积攒足够资源后，还能够停止敌人的时间。"
Character/IzayoiSakuya_Text_Battle_Cri_0,Text,,당신의 시간 또한 나의 것.,Your time rests in my hands!,あなたの時間は私の手の中にある！,你的时间由我掌握！,你的时间由我掌握！
Character/IzayoiSakuya_Text_Battle_Idle_0,Text,,오늘 저녁은 장어로 할까……아니，내가 왜 이런생각을 한거지.,"Tonight's dinner will be eel... Wait, why am I thinking that?",今夜の夕食は鰻にしよう…いや、なぜそう思うの。,今夜的晚饭就来做鳗鱼吧……不对，我怎么会这么想呢。,今夜的晚饭就来做鳗鱼吧……不对，我怎么会这么想呢。
Character/IzayoiSakuya_Text_Battle_Kill_0,Text,,"조금 수고스럽더라도, 빨리 칼을 모으지 않으면.....",Must retrieve the knives quickly to avoid leaving traces...,禍根を残さないように、早くナイフを回収しないと……。,人去不留麻烦，不赶快把刀子回收的话……,人去不留麻烦，不赶快把刀子回收的话……
Character/IzayoiSakuya_Text_Battle_Start_0,Text,,"그럼, 장난은 여기까지.","Now, the game ends here.",さて、お楽しみはここで終わりです。,那么，戏耍就到此为止。,那么，戏耍就到此为止。
Character/IzayoiSakuya_Text_Field_Idle_0,Text,,"이런, 곧 차가 끓어오를 시간이야.","Oh dear, the tea is about to boil.",おっと、もうすぐお茶が沸くわね。,哎呀，马上茶要烧开了哦。,哎呀，马上茶要烧开了哦。
Character/IzayoiSakuya_Text_Field_Idle_1,Text,,올 여름은 온통 이변투성이인것 같아.,This summer's weather has been truly peculiar.,今年の夏の天気は本当に変ね。,今年的夏天净是奇怪的天气呢。,今年的夏天净是奇怪的天气呢。
Character/IzayoiSakuya_Text_MasterTarget,Text,,아가씨에게 안부 전해주세요.,Give my regards to the Mistress.,お嬢様によろしくと伝えてください。,替我向大小姐问好。,替我向大小姐问好。
Character/IzayoiSakuya_Text_PharosLeader_0,Text,,네……명령을 이행합니다……,Yes... I obey your command...,はい……あなた様に従います……,是的……悉听遵命……,是的……悉听遵命……
Character/IzayoiSakuya_Text_PharosLeader_1,Text,,"어？………………잠시만 기다려주세요, 곧 시간을 되돌리겠습니다.",Wait a moment... I'll rewind time immediately.,ちょっと待ってください、すぐに時間を戻します。,咦？………………请稍等一下，我马上就将时间倒流。,咦？………………请稍等一下，我马上就将时间倒流。
Character/IzayoiSakuya_Text_PharosLeader_2,Text,,"주인님을 위해, 여기서 죽어주십시오.",Perish here for my master's sake.,我が主のために、ここで犠牲になりなさい。,为了我主，请你在此地牺牲吧。,为了我主，请你在此地牺牲吧。
Character/IzayoiSakuya_Text_Witch_0,Text,,손님을 위해 저주를 청소하는 것도 메이드의 의무 중 하나입니다.,Cleansing curses for guests is part of a maid's duties.,お客様のために呪いの後始末をするのも、メイドの仕事の一つです。,替客人清理诅咒，也是女仆的职责之一。,替客人清理诅咒，也是女仆的职责之一。
Character/IzayoiSakuya_name,Text,,이자요이 사쿠야,Sakuya Izayoi,十六夜咲夜,十六夜咲夜,十六夜咲夜
Character_Skin/IzayoiSakuyaBunny_SkinDesc,Text,,"할로윈이 다가왔습니다.
모든 준비가 끝났습니다.
아가씨, 홍마관, 그리고 저.","Halloween approaches. All preparations complete. The Mistress, Scarlet Devil Mansion, and I.","絢爛豪華なハロウィンパーティーには従者の仮装も不可欠だ、と張り切るレミリアが用意した可憐な衣装。
パーティーでもひときわ目立ち、用意したレミリアもご満悦だったようだ。","万圣节就快到了。
一切准备就绪。
大小姐、红魔馆，还有我。","万圣节就快到了。
一切准备就绪。
大小姐、红魔馆，还有我。"
Character_Skin/IzayoiSakuyaBunny_SkinName,Text,,할로윈 메이드,Halloween Bunny Maid,仮装のメイド長,万圣节兔女仆,万圣节兔女仆
Item_Equip/StopWatch_Description,Text,,"전투당 1회, 빈사상태에서 피해를 입을 시 피해를 무효화합니다.",Negate damage once per battle when HP is 0 or below.,体力が0以下のときにダメージを受けたとき、そのダメージを無効にする。(1回の戦闘で1回のみ発動),每场战斗仅有1次，在体力值为0点及以下的状态下受到伤害时，抵挡该伤害。,每场战斗仅有1次，在体力值为0点及以下的状态下受到伤害时，抵挡该伤害。
Item_Equip/StopWatch_name,Text,,회중시계,Time-Stop Pocketwatch,時を止めた懐中時計,时停怀表,时停怀表
Item_Passive/R_Sakuya_0_Description,Text,,"장착 시, 모든 저주 기술을 제거합니다.","While equipped, remove all Lucy Curse skills.",装備したとき、ルシーのジンクスをすべて除去する。,装备时，移除所有露西诅咒技能。,装备时，移除所有露西诅咒技能。
Item_Passive/R_Sakuya_0_name,Text,,자동 청소기,Auto-Cleaner,自動掃除機,自动扫地机,自动扫地机
SimpleCampDialogue/CampDial_IzayoiSakuya_Azar_Dialogues_0,Text,,"[A]아자르, 이곳의 「시간」에 대해 어떻게 생각하나요?","[A]Azar, do you sense anything unusual about this place's ""time""?",[A]阿扎尔，你对这个地方的「时间」有什么感受吗？,[A]阿扎尔，你对这个地方的「时间」有什么感受吗？,[A]阿扎尔，你对这个地方的「时间」有什么感受吗？
SimpleCampDialogue/CampDial_IzayoiSakuya_Azar_Dialogues_1,Text,,"[B]시, 시간?…… 「시계탑」을 말하는 건가요?",[B]T-time? You mean the "Clock Tower"?,[B]时、时间？……是说「钟楼」吗？,[B]时、时间？……是说「钟楼」吗？,[B]时、时间？……是说「钟楼」吗？
SimpleCampDialogue/CampDial_IzayoiSakuya_Azar_Dialogues_2,Text,,"[A]아니………… 흠, 그렇군. 됐어, 내가 묻지 않을게.",[A]No... Hmph. Never mind.,[A]不…………哼，这样吗。算了，当我没问。,[A]不…………哼，这样吗。算了，当我没问。,[A]不…………哼，这样吗。算了，当我没问。
SimpleCampDialogue/CampDial_IzayoiSakuya_Blue_Dialogues_0,Text,,[B]당신도 달의 힘을 사용하는 사람인가요?,[B]Do you also wield lunar power?,[B]你也是使用月亮力量的人吗？,[B]你也是使用月亮力量的人吗？,[B]你也是使用月亮力量的人吗？
SimpleCampDialogue/CampDial_IzayoiSakuya_Blue_Dialogues_1,Text,,[A]어렵게…… 그런가요?,[A]Reluctantly... I suppose?,[A]勉强……算是吗？,[A]勉强……算是吗？,[A]勉强……算是吗？
SimpleCampDialogue/CampDial_IzayoiSakuya_Charon_Dialogues_0,Text,,[B]그 비도 기술! 가르쳐줄 수 있나요?,[B]Teach me that dagger technique!,[B]那个飞刀的功夫！能教教我吗？,[B]那个飞刀的功夫！能教教我吗？,[B]那个飞刀的功夫！能教教我吗？
SimpleCampDialogue/CampDial_IzayoiSakuya_Charon_Dialogues_1,Text,,"[A]……이건 기술이 아니에요. 그리고, 칼은 위험해요.",[A]...It's not a technique. And blades are dangerous.,[A]……这不是功夫。而且，刀很危险。,[A]……这不是功夫。而且，刀很危险。,[A]……这不是功夫。而且，刀很危险。
SimpleCampDialogue/CampDial_IzayoiSakuya_Eirin_Dialogues_0,Text,,"[A]불로불사의 약? 죄송하지만, 홍마관에는 필요 없어요.",[A]Elixir of immortality? The Scarlet Devil Mansion isn't interested.,[A]长生不老药？抱歉，红魔馆不需要这种推销。,[A]长生不老药？抱歉，红魔馆不需要这种推销。,[A]长生不老药？抱歉，红魔馆不需要这种推销。
SimpleCampDialogue/CampDial_IzayoiSakuya_Eirin_Dialogues_1,Text,,"[B]아니, 홍마관을 위한 게 아니라 당신을 위해 특별히 준비한 거예요.",[B]This one's specially made for you.,[B]不，不是为了红魔馆，而是为你特制的哦。,[B]不，不是为了红魔馆，而是为你特制的哦。,[B]不，不是为了红魔馆，而是为你特制的哦。
SimpleCampDialogue/CampDial_IzayoiSakuya_Eirin_Dialogues_2,Text,,[A]……왠지 나에게 지나치게 친절해서 수상해요.,[A]...Your enthusiasm feels suspicious.,[A]……总感觉特别对我献殷勤到可疑了。,[A]……总感觉特别对我献殷勤到可疑了。,[A]……总感觉特别对我献殷勤到可疑了。
SimpleCampDialogue/CampDial_IzayoiSakuya_Eirin_Dialogues_3,Text,,"[B]뭐, 언제든 원할 때 찾아오세요.",[B]Let me know if you ever want it~,[B]嘛，什么时候想要的话尽管来找我要吧。,[B]嘛，什么时候想要的话尽管来找我要吧。,[B]嘛，什么时候想要的话尽管来找我要吧。
SimpleCampDialogue/CampDial_IzayoiSakuya_FlandreScarlet_Dialogues_0,Text,,"[A]이아가씨, 케이크 드세요.","[A]Lady Flandre, your cake is served.",[A]二小姐，蛋糕请慢用。,[A]二小姐，蛋糕请慢用。,[A]二小姐，蛋糕请慢用。
SimpleCampDialogue/CampDial_IzayoiSakuya_FlandreScarlet_Dialogues_1,Text,,"[B]사쿠야 사쿠야, 저기 있는 풀고슴도치로 「케이크」를 만들 수 있나요?",[B]Sakuya! Can you make "cake" from that grass hedgehog?,[B]咲夜咲夜，能用那边的草刺猬做「蛋糕」吗？,[B]咲夜咲夜，能用那边的草刺猬做「蛋糕」吗？,[B]咲夜咲夜，能用那边的草刺猬做「蛋糕」吗？
SimpleCampDialogue/CampDial_IzayoiSakuya_FlandreScarlet_Dialogues_2,Text,,[A]음? 비추천하지만…… 다음에 시도해볼게요.,[A]Hmm... Not recommended. But I'll try next time.,[A]嗯？虽然不推荐……不过下次我会试试的。,[A]嗯？虽然不推荐……不过下次我会试试的。,[A]嗯？虽然不推荐……不过下次我会试试的。
SimpleCampDialogue/CampDial_IzayoiSakuya_Hein_Dialogues_0,Text,,"[B]전투할 때 칼로 이리저리 긁는 거, 답답해.",[B]Quit poking around with knives! Just CHOP! SLASH!,[B]战斗的时候用小刀划来划去的，磨叽死了。,[B]战斗的时候用小刀划来划去的，磨叽死了。,[B]战斗的时候用小刀划来划去的，磨叽死了。
SimpleCampDialogue/CampDial_IzayoiSakuya_Hein_Dialogues_1,Text,,[B]그냥 통쾌하게 베고! 썰고! 자르면 안 되나요?,[B]Where's the fun in delicate knife work?,[B]就不能痛痛快快地劈！砍！切！吗？,[B]就不能痛痛快快地劈！砍！切！吗？,[B]就不能痛痛快快地劈！砍！切！吗？
SimpleCampDialogue/CampDial_IzayoiSakuya_Hein_Dialogues_2,Text,,"[A]스튜가 다 됐어요, 먹을래요?",[A]Stew's ready. Want some?,[A]炖菜做好了，要吃吗？,[A]炖菜做好了，要吃吗？,[A]炖菜做好了，要吃吗？
SimpleCampDialogue/CampDial_IzayoiSakuya_Hein_Dialogues_3,Text,,[B]……고마워요.,[B]...Thanks.,[B]……谢谢。,[B]……谢谢。,[B]……谢谢。
SimpleCampDialogue/CampDial_IzayoiSakuya_Huz_Dialogues_0,Text,,"[B]채찍, 비도, 뱀파이어…… 으, 머리가……",[B]Whips... daggers... vampires... My head hurts...,[B]鞭子、飞刀、吸血鬼……呜，我的头……,[B]鞭子、飞刀、吸血鬼……呜，我的头……,[B]鞭子、飞刀、吸血鬼……呜，我的头……
SimpleCampDialogue/CampDial_IzayoiSakuya_Huz_Dialogues_1,Text,,[A]게임 좀 덜 하세요.,[A]Play fewer video games.,[A]少玩点电子游戏吧。,[A]少玩点电子游戏吧。,[A]少玩点电子游戏吧。
SimpleCampDialogue/CampDial_IzayoiSakuya_Ilya_Dialogues_0,Text,,[A]정말 아름다운 칼솜씨네요.,[A]Your blade work is exquisite.,[A]真是漂亮的刀法。,[A]真是漂亮的刀法。,[A]真是漂亮的刀法。
SimpleCampDialogue/CampDial_IzayoiSakuya_Ilya_Dialogues_1,Text,,"[B]아니아니, 아직 멀었어요……",[B]I still have much to learn...,[B]哪里哪里、还差得远呢……,[B]哪里哪里、还差得远呢……,[B]哪里哪里、还差得远呢……
SimpleCampDialogue/CampDial_IzayoiSakuya_Iron_Dialogues_0,Text,,[B]제 갑옷의 틈을 노리지 말아주세요.,[B]Stop eyeing the gaps in my armor!,[B]请不要用视线瞄准我盔甲的缝隙好吗。,[B]请不要用视线瞄准我盔甲的缝隙好吗。,[B]请不要用视线瞄准我盔甲的缝隙好吗。
SimpleCampDialogue/CampDial_IzayoiSakuya_Iron_Dialogues_1,Text,,"[A]죄송해요, 제 나쁜 습관이에요……",[A]Apologies... Bad habit.,[A]抱歉，这是我的坏习惯……,[A]抱歉，这是我的坏习惯……,[A]抱歉，这是我的坏习惯……
SimpleCampDialogue/CampDial_IzayoiSakuya_Joey_Dialogues_0,Text,,[B]야! 내 빈 병 다 어디다 둔 거야?,[B]Hey! Did you take my empty bottles?,[B]喂！你是不是把我的空瓶子都收起来了？,[B]喂！你是不是把我的空瓶子都收起来了？,[B]喂！你是不是把我的空瓶子都收起来了？
SimpleCampDialogue/CampDial_IzayoiSakuya_Joey_Dialogues_1,Text,,"[A]네, 거기에 두면 위험해서요.",[A]Yes. Too dangerous left around.,[A]是的，放在那里太危险了。,[A]是的，放在那里太危险了。,[A]是的，放在那里太危险了。
SimpleCampDialogue/CampDial_IzayoiSakuya_Joey_Dialogues_2,Text,,[B]아아아! 그건 중요한 실험 자료야!!!,[B]Those were IMPORTANT EXPERIMENTS!!!,[B]啊啊啊！那是重要的实验资料啊！！！,[B]啊啊啊！那是重要的实验资料啊！！！,[B]啊啊啊！那是重要的实验资料啊！！！
SimpleCampDialogue/CampDial_IzayoiSakuya_Johan_Dialogues_0,Text,,"[B]잠깐, 제발, 너희들 그 앨리스 이야기 더 이상 하지 마.",[B]Please stop telling me about your Alice!,[B]等下，算我求你，别再跟我讲你们那儿那个爱丽丝的事情了。,[B]等下，算我求你，别再跟我讲你们那儿那个爱丽丝的事情了。,[B]等下，算我求你，别再跟我讲你们那儿那个爱丽丝的事情了。
SimpleCampDialogue/CampDial_IzayoiSakuya_Johan_Dialogues_1,Text,,[A]……그들이 너한테 뭘 말한 거야?,[A]...What exactly did they say?,[A]……她们到底对你说了什么？,[A]……她们到底对你说了什么？,[A]……她们到底对你说了什么？
SimpleCampDialogue/CampDial_IzayoiSakuya_Lian_Dialogues_0,Text,,"[B]사쿠야, 너 칼 쓰는 기술 어디서 배웠어?","[B]Sakuya, where'd you learn knife skills?",[B]咲夜，你用刀的技术是从哪里学的？,[B]咲夜，你用刀的技术是从哪里学的？,[B]咲夜，你用刀的技术是从哪里学的？
SimpleCampDialogue/CampDial_IzayoiSakuya_Lian_Dialogues_1,Text,,[A]독학이에요. 뭐 문제라도?,[A]Self-taught. Why?,[A]算是自学吧。有什么问题吗？,[A]算是自学吧。有什么问题吗？,[A]算是自学吧。有什么问题吗？
SimpleCampDialogue/CampDial_IzayoiSakuya_Lian_Dialogues_2,Text,,"[B]칼 잡는 방법, 좀 더 개선할 수 있어. 이렇게.",[B]Adjust your grip. Like this.,[B]握住刀的方法，稍微可以再改进一下。就像这样。,[B]握住刀的方法，稍微可以再改进一下。就像这样。,[B]握住刀的方法，稍微可以再改进一下。就像这样。
SimpleCampDialogue/CampDial_IzayoiSakuya_Miss_Dialogues_0,Text,,"[A]전기톱 아가씨, 제가 상처를 감싸줄게요.","[A]Chainsaw Miss, let me bandage that.",[A]链锯小姐，我来为你包扎。,[A]链锯小姐，我来为你包扎。,[A]链锯小姐，我来为你包扎。
SimpleCampDialogue/CampDial_IzayoiSakuya_Miss_Dialogues_1,Text,,"[B]아, 고마워! 사쿠야가 있으니까 상처도 문제 없어!","[B]Thanks! With you around, injuries don't matter!",[B]啊，谢谢！有咲夜在，感觉受伤都不算问题了呢！,[B]啊，谢谢！有咲夜在，感觉受伤都不算问题了呢！,[B]啊，谢谢！有咲夜在，感觉受伤都不算问题了呢！
SimpleCampDialogue/CampDial_IzayoiSakuya_Miss_Dialogues_2,Text,,"[A]전 의사가 아니에요, 자중하세요……",[A]I'm no doctor. Be careful.,[A]我不是医师，还请自重……,[A]我不是医师，还请自重……,[A]我不是医师，还请自重……
SimpleCampDialogue/CampDial_IzayoiSakuya_Mokou_Dialogues_0,Text,,[A]불을 조종하는 능력이 있으니까 이런 황야에서도 요리하기 편하네요.,[A]Pyrokinesis must be useful for cooking outdoors.,[A]有操纵火焰的能力，在这种荒郊野外做饭也方便多了呢。,[A]有操纵火焰的能力，在这种荒郊野外做饭也方便多了呢。,[A]有操纵火焰的能力，在这种荒郊野外做饭也方便多了呢。
SimpleCampDialogue/CampDial_IzayoiSakuya_Mokou_Dialogues_1,Text,,[B]그렇긴 한데…… 나는 불로불사의 능력을 가지고 있어?,[B]Actually... My power is immortality?,[B]话是这么说啦……但我掌握的是不老不死的能力啊？,[B]话是这么说啦……但我掌握的是不老不死的能力啊？,[B]话是这么说啦……但我掌握的是不老不死的能力啊？
SimpleCampDialogue/CampDial_IzayoiSakuya_Mokou_Dialogues_2,Text,,[A]……어?,[A]...Eh?,[A]……咦？,[A]……咦？,[A]……咦？
SimpleCampDialogue/CampDial_IzayoiSakuya_Mokou_Dialogues_3,Text,,[B]……에?,[B]...Huh?,[B]……诶？,[B]……诶？,[B]……诶？
SimpleCampDialogue/CampDial_IzayoiSakuya_Patchouli_Dialogues_0,Text,,"[A]파츄리 님, 몸은 괜찮으세요?","[A]Lady Patchouli, are you well?",[A]帕秋莉大人，身体还安好吗？,[A]帕秋莉大人，身体还安好吗？,[A]帕秋莉大人，身体还安好吗？
SimpleCampDialogue/CampDial_IzayoiSakuya_Patchouli_Dialogues_1,Text,,[B]응. 별일 없어. 「현실 세계」보다 의외로 편안해.,[B]Fine. Strangely easier here than the "real world".,[B]嗯。没什么大碍。比起「现实世界」，意外的轻松呢。,[B]嗯。没什么大碍。比起「现实世界」，意外的轻松呢。,[B]嗯。没什么大碍。比起「现实世界」，意外的轻松呢。
SimpleCampDialogue/CampDial_IzayoiSakuya_Patchouli_Dialogues_2,Text,,[A]그렇다니 다행이에요.,[A]Glad to hear it.,[A]是吗，那就再好不过了。,[A]是吗，那就再好不过了。,[A]是吗，那就再好不过了。
SimpleCampDialogue/CampDial_IzayoiSakuya_Pheonix_Dialogues_0,Text,,"[B]우우우, 빵 주세요——",[B]sob Give me bread—,[B]呜呜呜，请给我面包——,[B]呜呜呜，请给我面包——,[B]呜呜呜，请给我面包——
SimpleCampDialogue/CampDial_IzayoiSakuya_Pheonix_Dialogues_1,Text,,[A]안 돼요. 오늘부터 제가 빵 출납을 엄격히 관리할 거예요.,[A]No. Daily bread rations start today.,[A]不行。从今天开始由我严格管理每日面包出入的数量。,[A]不行。从今天开始由我严格管理每日面包出入的数量。,[A]不行。从今天开始由我严格管理每日面包出入的数量。
SimpleCampDialogue/CampDial_IzayoiSakuya_Pheonix_Dialogues_2,Text,,[B]갸아!,[B]Gah!,[B]嘎啊！,[B]嘎啊！,[B]嘎啊！
SimpleCampDialogue/CampDial_IzayoiSakuya_Priest_Dialogues_0,Text,,[B]너의 운명은 이미 죄악에 물들었어……,[B]Your fate is tainted with sin...,[B]你的命运，已经沾染罪孽……,[B]你的命运，已经沾染罪孽……,[B]你的命运，已经沾染罪孽……
SimpleCampDialogue/CampDial_IzayoiSakuya_Priest_Dialogues_1,Text,,"[A]죄송하지만, 저는 「운명」을 믿지 않아요.",[A]I don't believe in "fate".,[A]抱歉，我不相信什么「命运」。,[A]抱歉，我不相信什么「命运」。,[A]抱歉，我不相信什么「命运」。
SimpleCampDialogue/CampDial_IzayoiSakuya_Red_Dialogues_0,Text,,"[A]태양, 달…… 너희 별 하나가 모자라?","[A]Sun, moon... Need a star sister?",[A]太阳，月亮……你们差一个星星的姐妹吗？,[A]太阳，月亮……你们差一个星星的姐妹吗？,[A]太阳，月亮……你们差一个星星的姐妹吗？
SimpleCampDialogue/CampDial_IzayoiSakuya_Red_Dialogues_1,Text,,[B]모자라지 않아. 하지만 방금 별을 쏘는 사람이 날아간 거 아니야?,[B]No! But did someone shooting stars just fly by?,[B]才不差啦。但是刚才是不是有个放出星星的人飞过去了？,[B]才不差啦。但是刚才是不是有个放出星星的人飞过去了？,[B]才不差啦。但是刚才是不是有个放出星星的人飞过去了？
SimpleCampDialogue/CampDial_IzayoiSakuya_Reisen_Dialogues_0,Text,,"[A]레이센, 약 재고는 충분하니?","[A]Reisen, enough medicine?",[A]铃仙，药水的储备量还够吗？,[A]铃仙，药水的储备量还够吗？,[A]铃仙，药水的储备量还够吗？
SimpleCampDialogue/CampDial_IzayoiSakuya_Reisen_Dialogues_1,Text,,[B]스승님이 주신 약은 다 썼어……,[B]Used all Master's potions...,[B]师父给我的药已经全部用完了耶……,[B]师父给我的药已经全部用完了耶……,[B]师父给我的药已经全部用完了耶……
SimpleCampDialogue/CampDial_IzayoiSakuya_RemiliaScarlet_Dialogues_0,Text,,"[A]아가씨, 홍차 드세요.","[A]Lady Remilia, your tea.",[A]大小姐，红茶请慢用。,[A]大小姐，红茶请慢用。,[A]大小姐，红茶请慢用。
SimpleCampDialogue/CampDial_IzayoiSakuya_RemiliaScarlet_Dialogues_1,Text,,[B]음…… 「그거」 안 넣었니?,[B]Didn't add "that"?,[B]嗯……没有放「那个」吗？,[B]嗯……没有放「那个」吗？,[B]嗯……没有放「那个」吗？
SimpleCampDialogue/CampDial_IzayoiSakuya_RemiliaScarlet_Dialogues_2,Text,,[A]다른 사람들이 놀랄 거예요. 오늘은 조금 참아주세요.,[A]It would shock others. Endure for today.,[A]会吓到其他人的吧。今天就稍微忍耐一下吧。,[A]会吓到其他人的吧。今天就稍微忍耐一下吧。,[A]会吓到其他人的吧。今天就稍微忍耐一下吧。
SimpleCampDialogue/CampDial_IzayoiSakuya_RemiliaScarlet_Dialogues_3,Text,,[B]내가 「뱀파이어」라는 건 안 무서워하잖아.,[B]Yet no one fears my "vampire" nature.,[B]明明都不会害怕我是个「吸血鬼」耶。,[B]明明都不会害怕我是个「吸血鬼」耶。,[B]明明都不会害怕我是个「吸血鬼」耶。
SimpleCampDialogue/CampDial_IzayoiSakuya_SatsukiRin_Dialogues_0,Text,,"[A]아라, 너는…… 죄송해요, 제가 잘못 봤어요.",[A]Ah... My mistake.,[A]啊拉，你是……抱歉，是我认错了。,[A]啊拉，你是……抱歉，是我认错了。,[A]啊拉，你是……抱歉，是我认错了。
SimpleCampDialogue/CampDial_IzayoiSakuya_SatsukiRin_Dialogues_1,Text,,[B]괜찮아요. 자주 「누군가」랑 닮았다고 하더라고요.,[B]People say I resemble "someone".,[B]没关系。经常有人说我和「某个人」很相似呢。,[B]没关系。经常有人说我和「某个人」很相似呢。,[B]没关系。经常有人说我和「某个人」很相似呢。
SimpleCampDialogue/CampDial_IzayoiSakuya_SilverStein_Dialogues_0,Text,,"[B]전투할 때 조심해, 총알은 눈이 없어.",[B]Watch for bullets in battle!,[B]战斗的时候小心点啊，子弹可是不长眼的。,[B]战斗的时候小心点啊，子弹可是不长眼的。,[B]战斗的时候小心点啊，子弹可是不长眼的。
SimpleCampDialogue/CampDial_IzayoiSakuya_SilverStein_Dialogues_1,Text,,[A]안심하세요. 아무리 빠른 총알도 저를 맞출 수 없어요.,[A]Don't worry. No bullet can hit me.,[A]放心吧。无论多快的子弹都打不中我。,[A]放心吧。无论多快的子弹都打不中我。,[A]放心吧。无论多快的子弹都打不中我。
SimpleCampDialogue/CampDial_IzayoiSakuya_Sizz_Dialogues_0,Text,,"[A]시스, 더 유연한 손가락 기술을 가르쳐줄까요?","[A]Sizz, want to learn finger techniques?",[A]西斯，要我教你更加灵活的手指技法吗？,[A]西斯，要我教你更加灵活的手指技法吗？,[A]西斯，要我教你更加灵活的手指技法吗？
SimpleCampDialogue/CampDial_IzayoiSakuya_Sizz_Dialogues_1,Text,,[B]어? 사쿠야 씨가 손가락 기술도 하시나요?,[B]You know sleight of hand?,[B]咦？咲夜小姐还会指法吗？,[B]咦？咲夜小姐还会指法吗？,[B]咦？咲夜小姐还会指法吗？
SimpleCampDialogue/CampDial_IzayoiSakuya_Sizz_Dialogues_2,Text,,[A]마술을 할 때 자주 써요.,[A]Essential for magic shows.,[A]表演魔术的时候经常用到呢。,[A]表演魔术的时候经常用到呢。,[A]表演魔术的时候经常用到呢。
SimpleCampDialogue/CampDial_IzayoiSakuya_TouhouAlice_Dialogues_0,Text,,"[A]너는 고민이 별로 없는 것 같아, 좋네.",[A]You seem carefree. Nice.,[A]你看起来好像烦恼很少的样子，真好啊。,[A]你看起来好像烦恼很少的样子，真好啊。,[A]你看起来好像烦恼很少的样子，真好啊。
SimpleCampDialogue/CampDial_IzayoiSakuya_TouhouAlice_Dialogues_1,Text,,"[B]실례야. 별로 없긴, 나는 고민이 없어.",[B]Rude. I simply have no worries.,[B]真失礼啊。不是很少，我根本就没有烦恼。,[B]真失礼啊。不是很少，我根本就没有烦恼。,[B]真失礼啊。不是很少，我根本就没有烦恼。
SimpleCampDialogue/CampDial_IzayoiSakuya_Trisha_Dialogues_0,Text,,[B]아무리 해도 너의 빠른 이동을 따라할 수 없어……,[B]Can't mimic your speed...,[B]不管试多少次都模仿不来你的快速移动……,[B]不管试多少次都模仿不来你的快速移动……,[B]不管试多少次都模仿不来你的快速移动……
SimpleCampDialogue/CampDial_IzayoiSakuya_Trisha_Dialogues_1,Text,,[A]그건 인간이 따라할 수 있는 기술이 아니에요.,[A]It's beyond human technique.,[A]那并非人类能模仿到的技法。,[A]那并非人类能模仿到的技法。,[A]那并非人类能模仿到的技法。
SimpleCampDialogue/CampDial_IzayoiSakuya_Trisha_Dialogues_2,Text,,[B]너는 인간이 아니니?,[B]Aren't you human?,[B]你不是人类吗？,[B]你不是人类吗？,[B]你不是人类吗？
SimpleCampDialogue/CampDial_IzayoiSakuya_Trisha_Dialogues_3,Text,,[A]……저도 죽으면 죽어요.,[A]...I can still die.,[A]……我被杀还是会死的哦。,[A]……我被杀还是会死的哦。,[A]……我被杀还是会死的哦。
SimpleCampDialogue/CampDial_IzayoiSakuya_Youmu_Dialogues_0,Text,,[A]스튜 협력 정말 도움이 됐어요.,[A]Your help with stew saved us.,[A]炖菜的协力真是帮大忙了。,[A]炖菜的协力真是帮大忙了。,[A]炖菜的协力真是帮大忙了。
SimpleCampDialogue/CampDial_IzayoiSakuya_Youmu_Dialogues_1,Text,,"[B]사쿠야 씨 너무 예의 바르세요, 사쿠야 씨의 능력이 아니었다면 방금 넘어질 뻔했어요.","[B]Without your time powers, we'd have crashed!",[B]咲夜小姐太客气了，如果不是咲夜小姐的能力，刚才就要翻车了耶。,[B]咲夜小姐太客气了，如果不是咲夜小姐的能力，刚才就要翻车了耶。,[B]咲夜小姐太客气了，如果不是咲夜小姐的能力，刚才就要翻车了耶。
SimpleCampDialogue/CampDial_IzayoiSakuya_Youmu_Dialogues_2,Text,,[A]숲에서 갑자기 풀고슴도치가 튀어나올 줄은……,[A]Never expected a grass hedgehog attack...,[A]没想到树林里会突然冲出来一只草刺猬呢……,[A]没想到树林里会突然冲出来一只草刺猬呢……,[A]没想到树林里会突然冲出来一只草刺猬呢……
SimpleCampDialogue/CampDial_IzayoiSakuya_Youmu_Dialogues_3,Text,,[B]스튜 냄비를 향해 돌진했어요……,[B]Charged straight at the pot...,[B]朝着炖菜锅就冲了过来呢……,[B]朝着炖菜锅就冲了过来呢……,[B]朝着炖菜锅就冲了过来呢……
Skill/S_Sakuya_0_0_Description,Text,,"패의 상단 혹은 하단에 스킬을 1개 놓습니다.
이 스킬이 버려지면 스킬 1개를 뽑습니다.","Move 1 skill to top/bottom of hand. 
When discarded, draw 1 skill and gain 1 <color=#EEE9E9>Time-Stop Dagger</color>.","スキル1枚を手札の一番上か一番下に移す。
このスキルが捨てられたとき、スキルを1枚引き、<color=#EEE9E9>時間停止-フライングナイフ</color>を1ストック得る。","将1个技能放在手牌最上方或手牌最下方。
这个技能被丢弃时，抽取1个技能，获得1把<color=#EEE9E9>时停飞刀</color>。","将1个技能放在手牌最上方或手牌最下方。
这个技能被丢弃时，抽取1个技能，获得1把<color=#EEE9E9>时停飞刀</color>。"
Skill/S_Sakuya_0_0_Name,Text,,시부「체인질링 매직」,Time Sign "Changeling Magic",時符「チェンジリングマジック」,时符「调换魔法」,时符「调换魔法」
Skill/S_Sakuya_0_1_Description,Text,,스킬을 패의 상단으로 올립니다.,Move target skill to top of hand.,対象のスキルを手札の一番上に移す。,将目标技能放在手牌最上方。,将目标技能放在手牌最上方。
Skill/S_Sakuya_0_1_Name,Text,,「체인질링 매직」흑,Time Sign "Changeling Magic Black",チェンジリングマジック·黒,调换魔术·黑,调换魔术·黑
Skill/S_Sakuya_0_2_Description,Text,,스킬을 패의 하단으로 올립니다.,Move target skill to bottom of hand.,対象のスキルを手札の一番下に移す。,将目标技能放在手牌最下方。,将目标技能放在手牌最下方。
Skill/S_Sakuya_0_2_Name,Text,,「체인질링 매직」백,Time Sign "Changeling Magic White",チェンジリングマジック·白,调换魔术·白,调换魔术·白
Skill/S_Sakuya_0_Description,Text,,"「시부「교환 마법」"" 1장을 손에 추가합니다.

<color=#4169E1>월마술</color> - 손에 있는 기술의 수만큼 <color=#EEE9E9>시간 정지 비도</color>를 얻습니다.","Add 1 [Time Sign ""Changeling Magic""] to hand. 

<color=#4169E1>Lunar Magic</color> - Gain <color=#EEE9E9>Time-Stop Daggers</color> equal to hand size.","「時符-チェンジリングマジック」を手札に1枚加える。

<color=#4169E1>ルナマジック</color>：手札にあるスキルの枚数に等しい数の<color=#EEE9E9>時間停止-フライングナイフ</color>のストックを得る。","将1张“时符「调换魔法」”加入手中。

<color=#4169E1>月魔术</color> - 根据手中技能的数量，获得相同数量的<color=#EEE9E9>时停飞刀</color>。","将1张“时符「调换魔法」”加入手中。

<color=#4169E1>月魔术</color> - 根据手中技能的数量，获得相同数量的<color=#EEE9E9>时停飞刀</color>。"
Skill/S_Sakuya_0_Name,Text,,메이드 비기「살인 인형」,Maid Secret Skill "Killing Doll",メイド秘技「殺人ドール」,女仆秘技「杀人玩偶」,女仆秘技「杀人玩偶」
Skill/S_Sakuya_10Rare_Description,Text,,"턴 종료 버튼을 누르면, 추가 턴을 얻습니다.",Gain 1 extra turn after pressing End Turn.,ターン終了を押したとき、追加のターンを獲得する。,按下回合结束按钮后，获得1个额外回合。,按下回合结束按钮后，获得1个额外回合。
Skill/S_Sakuya_10Rare_Name,Text,,「사쿠야의 세계」,Time Sign "Private Square",「咲夜の世界」,「咲夜的世界」,「咲夜的世界」
Skill/S_Sakuya_11Rare_Description,Text,,"모든 <color=#EEE9E9>시간 정지 비도</color>를 소모합니다.
<color=#EEE9E9>시간 정지 비도</color> 1개당 추가 공격을 한 번 더 가해 &a의 피해를 입힙니다<color=#FF7A33>(공격력의 30%)</color>.","Consume all <color=#EEE9E9>Time-Stop Daggers</color>. 
Each dagger adds a Follow-up attack dealing &a damage <color=#FF7A33>(30% of ATK)</color>.","所持する<color=#EEE9E9>時間停止-フライングナイフ</color>をすべて消費する。
消費した<color=#EEE9E9>時間停止-フライングナイフ</color>のストック1ごとに、&a<color=#FF7A33>(攻撃力の30%)</color>のダメージを1回繰り返し与える。","消耗所有<color=#EEE9E9>时停飞刀</color>。
每有1把<color=#EEE9E9>时停飞刀</color>，额外造成一次追加攻击，造成&a伤害<color=#FF7A33>(攻击力的30%)</color>。","消耗所有<color=#EEE9E9>时停飞刀</color>。
每有1把<color=#EEE9E9>时停飞刀</color>，额外造成一次追加攻击，造成&a伤害<color=#FF7A33>(攻击力的30%)</color>。"
Skill/S_Sakuya_11Rare_Name,Text,,환장「밤안개의 환영살인귀」,Buriallusion "Phantomic Killer in Night Mist",幻葬「夜霧の幻影殺人鬼」,幻葬「夜雾幻影杀人鬼」,幻葬「夜雾幻影杀人鬼」
Skill/S_Sakuya_12Rare_Description,Text,,"카운트다운 동안, 패시브 ""시간을 조종하는 정도의 능력"" 효과가 발동되지 않습니다; 자신의 모든 기술이 0비용이 되고, 신속, 카운트다운 1이 부여되며, 어떤 방식으로도 기술을 뽑을 수 없습니다.",TODO,このスキルのカウントダウン中、パッシブの「時間を操る程度の能力」は発動せず、自身のスキルはすべてコストが0になり、カウントダウン1と迅速を得る。またいかなる方法でもスキルを引けない。,倒计时期间，被动“操纵时间程度的能力”效果将不会发动；所有自己的技能变为0费，附加迅速、倒计时1，并且无法以任何方式抽取技能。,倒计时期间，被动“操纵时间程度的能力”效果将不会发动；所有自己的技能变为0费，附加迅速、倒计时1，并且无法以任何方式抽取技能。
Skill/S_Sakuya_12Rare_Name,Text,,은부「퍼펙트 메이드」,Silver Sign "Perfect Maid",銀符「パーフェクトメイド」,银符「完美女仆」,银符「完美女仆」
Skill/S_Sakuya_14Rare_Description,Text,,"가한 피해의 50%만큼 자신을 초과치유합니다.
패에 '시부「체인질링 매직」' 1개를 추가합니다.
[뱀파이어 하트] 1중첩을 얻습니다.","Overheal self for 50% of damage dealt. 
Add 1 [Time Sign ""Changeling Magic""] to hand. 
Gain 1 stack of [Vampire Heart].","自身を与えたダメージの50%でオーバーヒールする。
「時符-チェンジリングマジック」を手札に1枚加える。
[吸血鬼の心]を1ストック得る。","这个伤害的50%超额治疗自己。
将1张[时符「调换魔法」]加入手中。
获得1层[吸血鬼之心]。","这个伤害的50%超额治疗自己。
将1张[时符「调换魔法」]加入手中。
获得1层[吸血鬼之心]。"
Skill/S_Sakuya_14Rare_Name,Text,,환홍부「영원히 붉은날의 광상곡」,Phantom Scarlet Sign "Eternal RedNight Rhapsody",幻紅符「永遠の紅い昼のラプソディ」,幻红符「永恒红昼狂想曲」,幻红符「永恒红昼狂想曲」
Skill/S_Sakuya_1_Description,Text,,"<color=#00BFFF>시계 정지</color> 2층을 얻습니다.

<color=#4169E1>월마술</color> - 비용을 1 감소시키고, 도발을 무시하며, 방어를 무시합니다.","Gain 2 stacks of <color=#00BFFF>Time Stop</color>.

 <color=#4169E1>Lunar Magic</color> - Cost -1, ignores Taunt and Defense.","<color=#00BFFF>タイムストップ</color>を2ストック得る。

<color=#4169E1>ルナマジック</color>：コストが1減少し、挑発無視と防御力を無視するを得る。","获得2层<color=#00BFFF>时钟停摆</color>。

<color=#4169E1>月魔术</color> - 降低1点费用，附带无视嘲讽，并且无视防御。","获得2层<color=#00BFFF>时钟停摆</color>。

<color=#4169E1>月魔术</color> - 降低1点费用，附带无视嘲讽，并且无视防御。"
Skill/S_Sakuya_1_Name,Text,,속부「루미너스 리코셰」,Speed Sign "Luminous Ricochet",速符「ルミネスリコシェ」,速符「闪光弹跳」,速符「闪光弹跳」
Skill/S_Sakuya_2_0_Name,Text,,상부「붉은 혼에 새겨진 상처」,Wound Sign "Inscribe Red Soul",傷符「インスクライブレッドソウル」,伤符「铭刻于红魂」,伤符「铭刻于红魂」
Skill/S_Sakuya_2_Description,Text,,"카운트다운 3으로 1회 추가 발동합니다.

<color=#4169E1>월마술</color> - 카운트다운 5로 1회 추가 발동합니다.","Recast after countdown 3.

<color=#4169E1>Lunar Magic</color> - Recast after countdown 5.","このスキルをカウントダウン3で1回繰り返し発動する。

<color=#4169E1>ルナマジック</color>：このスキルをカウントダウン5で1回繰り返し発動する。","以倒计时3重复释放1次。

<color=#4169E1>月魔术</color> - 以倒计时5重复释放1次。","以倒计时3重复释放1次。

<color=#4169E1>月魔术</color> - 以倒计时5重复释放1次。"
Skill/S_Sakuya_2_Name,Text,,상부「인스크라이브 레드 소울」,Wound Sign "Inscribe Red Soul",傷符「インスクライブレッドソウル」,伤符「铭刻于红魂」,伤符「铭刻于红魂」
Skill/S_Sakuya_3_0_Description,Text,,"카운트가 1이 되면 추가로 %a의 피해를 줍니다.
마술-카운트가 3으로 연장되어 %b의 추가피해를 입힙니다.
카운트동안 목표대상은 15% 증가한 피해를 입습니다.","After 1 Countdown, deal %a damage. 

<color=#4169E1>Lunar Magic</color> - Extend countdown to 3, deal %b damage. Target takes 15% more damage during countdown.","このスキルをカウントダウン1で1回繰り返し発動し、%aのダメージを与える。
<color=#4169E1>ルナマジック</color>：効果を「カウントダウン3、%bのダメージを与える」に変更する。このスキルのカウントダウン中、対象が受けるダメージが15%増加する。","倒计时1后，再造成%a伤害。
月魔术 - 倒计时延长为3，额外造成%b伤害。倒计时期间，目标受到的伤害增加15%。","倒计时1后，再造成%a伤害。
月魔术 - 倒计时延长为3，额外造成%b伤害。倒计时期间，目标受到的伤害增加15%。"
Skill/S_Sakuya_3_0_Name,Text,,환재「클락 콥스」,Illusion Existence "Clock Corpse",幻在「クロックコープス」,幻在「钟表的残骸」,幻在「钟表的残骸」
Skill/S_Sakuya_3_1_Description,Text,,"카운트가 1이 되면 추가로 %a의 피해를 줍니다.
마술-카운트가 3으로 연장되어 %b의 추가피해를 입힙니다.
카운트동안 목표대상은 15% 증가한 피해를 입습니다.","After countdown 1, deal %a damage. 
<color=#4169E1>Lunar Magic</color> - Extend countdown to 3, deal %b damage. Target takes 15% more damage during countdown.","このスキルをカウントダウン1で1回繰り返し発動し、%aのダメージを与える。
<color=#4169E1>ルナマジック</color>：効果を「カウントダウン3、%bのダメージを与える」に変更する。このスキルのカウントダウン中、対象が受けるダメージが15%増加する。","倒计时1后，再造成%a伤害。
月魔术 - 倒计时延长为3，额外造成%b伤害。倒计时期间，目标受到的伤害增加15%。","倒计时1后，再造成%a伤害。
月魔术 - 倒计时延长为3，额外造成%b伤害。倒计时期间，目标受到的伤害增加15%。"
Skill/S_Sakuya_3_1_Name,Text,,환유「잭 더 루도빌레」,Illusion Phantom "Jack the Ludo Bile",幻幽「ジャック・ザ・ルドビレ」,幻幽「迷幻的杰克」,幻幽「迷幻的杰克」
Skill/S_Sakuya_3_Description,Text,,"카운트다운이 1회 지날 때마다, 이 기술의 피해가 &a 감소합니다<color=#FF7A33>(공격력의 50%)</color>.

<color=#4169E1>월마술</color> - 카운트다운 8로 변경됩니다.","Damage decreases by &a <color=#FF7A33>(50% of ATK)</color> per countdown.

<color=#4169E1>Lunar Magic</color> - Changes to countdown 8.","このスキルのダメージは、カウントダウンが1減少するたびに&a<color=#FF7A33>(攻撃力の50%)</color>減少する。

<color=#4169E1>ルナマジック</color>：カウントダウンを8に変更する。","每经过1个倒计时，这个技能的伤害降低&a点<color=#FF7A33>(攻击力的50%)</color>。

<color=#4169E1>月魔术</color> - 变为倒计时8。","每经过1个倒计时，这个技能的伤害降低&a点<color=#FF7A33>(攻击力的50%)</color>。

<color=#4169E1>月魔术</color> - 变为倒计时8。"
Skill/S_Sakuya_3_Name,Text,,환재「클락 콥스」,Illusion Existence "Clock Corpse",幻在「クロックコープス」,幻在「钟表的残骸」,幻在「钟表的残骸」
Skill/S_Sakuya_4_0_Name,Text,,기술「이터널 믹」,Conjuring "Eternal Meek",奇術「エターナルミーク」,奇术「永恒的温柔」,奇术「永恒的温柔」
Skill/S_Sakuya_4_Description,Text,,"이 기술이 기술 효과로 카운트다운이 감소할 때, 카운트다운 바에 카운트다운-1의 복사본을 생성합니다(생성된 복사본은 다시 복사본을 생성할 수 없습니다).","When this skill's countdown is reduced, create a copy with countdown-1 (the generated copy cannot create further copies).",このスキルのカウントダウンが減少したとき、カウントダウン欄にカウントダウンが1減少したこのスキルのコピーを1つ生成する。(生成されたコピーが別のコピーを作ることはない),这个技能因为技能效果降低倒计时时，在倒计时栏中生成1个倒计时-1的复制（生成的复制无法再生成复制）。,这个技能因为技能效果降低倒计时时，在倒计时栏中生成1个倒计时-1的复制（生成的复制无法再生成复制）。
Skill/S_Sakuya_4_Name,Text,,기술「이터널 믹」,Conjuring "Eternal Meek",奇術「エターナルミーク」,奇术「永恒的温柔」,奇术「永恒的温柔」
Skill/S_Sakuya_4_new_Name,Text,,기술「이터널 믹」,Conjuring "Eternal Meek",奇術「エターナルミーク」,奇术「永恒的温柔」,奇术「永恒的温柔」
Skill/S_Sakuya_5_0_Name,Text,,시부「퍼펙트 스퀘어」,Time Sign "Perfect Square",時符「パーフェクトスクウェア」,时符「完美空间」,时符「完美空间」
Skill/S_Sakuya_5_Description,Text,,"카운트 도중 피해를 입을경우 1회 발동합니다.
피해를 받으면 피해량을 0으로 감소시키고 무작위 적에게 %a의 피해를 입힙니다.","During countdown, nullify next damage taken and retaliate with %a damage to random enemy.",このスキルのカウントダウン中にダメージを受けたとき、1回のみそのダメージを0にし、ランダムな敵に1体に%aのダメージを与える。,倒计时期间，自身仅有1次，受到伤害时，使所受的伤害变为0，随后转为对随机敌人造成%a伤害。,倒计时期间，自身仅有1次，受到伤害时，使所受的伤害变为0，随后转为对随机敌人造成%a伤害。
Skill/S_Sakuya_5_Name,Text,,시부「퍼펙트 스퀘어」,Time Sign "Perfect Square",時符「パーフェクトスクウェア」,时符「完美空间」,时符「完美空间」
Skill/S_Sakuya_5_new_Description,Text,,"시부「교환 마법」"" 1장을 손에 추가합니다.
대상이 다른 아군일 경우, 자신의 모든 <color=#EEE9E9>시간 정지 비도</color>를 대상에게 옮기고, 고정 기술을 사용 가능 상태로 만듭니다.","Add 1 [Time Sign ""Changeling Magic""] to hand. 
If targeting ally, transfer all <color=#EEE9E9>Time-Stop Daggers</color> to them and refresh their fixed skills.","「時符-チェンジリングマジック」を手札に1枚加える。
他の味方が対象の場合、自身が持つ<color=#EEE9E9>時間停止-フライングナイフ</color>のストックをすべてその味方に移し、固定能力を使用可能にする。","将1张“时符「调换魔法」”加入手中。
如果目标是其他友军，将自身所有<color=#EEE9E9>时停飞刀</color>转移至目标身上，并使其固定技能变为可用状态。","将1张“时符「调换魔法」”加入手中。
如果目标是其他友军，将自身所有<color=#EEE9E9>时停飞刀</color>转移至目标身上，并使其固定技能变为可用状态。"
Skill/S_Sakuya_5_new_Name,Text,,시부「퍼펙트 스퀘어」,Time Sign "Perfect Square",時符「パーフェクトスクウェア」,时符「完美空间」,时符「完美空间」
Skill/S_Sakuya_6_0_Description,Text,,,,,,
Skill/S_Sakuya_6_0_Name,Text,,기술「환혹 미스디렉션」,Conjuring "Mesmerizing Misdirection",奇術「幻惑ミスディレクション」,奇术「幻惑误导」,奇术「幻惑误导」
Skill/S_Sakuya_6_Description,Text,,"<color=#4169E1>월마술</color> - 대상이 추가로 ""공격을 받을 때, 사쿠야가 공격자에게 반격을 가합니다""를 얻습니다.","<color=#4169E1>Lunar Magic</color> - Grants ""When attacked, Sakuya counterattacks the attacker"".",<color=#4169E1>ルナマジック</color>：[幻惑ミスディレクション]を得る。,<color=#4169E1>月魔术</color> - 使目标额外获得“受到攻击时，十六夜咲夜会对来源进行一次反击”。,<color=#4169E1>月魔术</color> - 使目标额外获得“受到攻击时，十六夜咲夜会对来源进行一次反击”。
Skill/S_Sakuya_6_Name,Text,,기술「미스디렉션」,Conjuring "Misdirection",奇術「ミスディレクション」,奇术「误导」,奇术「误导」
Skill/S_Sakuya_7_Description,Text,,"선택한 스킬은 패의 상단 혹은 하단이 아니더라도 「마술」의 추가효과를 발동시킬 수 있습니다.
선택한 스킬에 「마술」이 없을 경우 : '비용 1 감소' 및 '신속'을 1회 부여합니다.","If target has <color=#4169E1>Lunar Magic</color>, it triggers from any hand position. 
Otherwise: Cost -1 and Swiftness for next use.","対象のスキルが<color=#4169E1>ルナマジック</color>を持つ場合、手札の一番上か一番下にないときでも<color=#4169E1>ルナマジック</color>の効果を発動できるようにする。
それ以外の場合、次に使用するまでコストが1減少し、迅速を得る。","如果目标带有<color=#4169E1>月魔术</color>关键词，使其即使不在手牌最上方或最下方也能触发<color=#4169E1>月魔术</color>的额外效果；
否则本场战斗仅一次，使其费用降低1点，附带迅速。","如果目标带有<color=#4169E1>月魔术</color>关键词，使其即使不在手牌最上方或最下方也能触发<color=#4169E1>月魔术</color>的额外效果；
否则本场战斗仅一次，使其费用降低1点，附带迅速。"
Skill/S_Sakuya_7_Name,Text,,환술「마이 나이프 리커전」,Illusion "My Knife's Recursions",幻術「マイナイフリカージョン」,幻术「吾刃回归」,幻术「吾刃回归」
Skill/S_Sakuya_8_Description,Text,,[시계「루나 다이얼」] 을 1장씩 패에 추가합니다.,Add 1 [Watch "Lunar Dial"] to hand.,「時計-ルナダイアル」を手札に1枚加える。,将1张“时计「月时计」”加入手中。,将1张“时计「月时计」”加入手中。
Skill/S_Sakuya_8_Name,Text,,시부「사쿠야 특제 스톱워치」,Time Sign "Sakuya's Special Stopwatch",時符「咲夜特製ストップウォッチ」,时符「咲夜特制秒表」,时符「咲夜特制秒表」
Skill/S_Sakuya_9_Description,Text,,"치명타가 아닐 때, <color=#EEE9E9>시간 정지 비도</color> 1개를 얻고, 이 기술을 손에 되돌립니다.
치명타일 때, 이 기술을 추방합니다.","On non-Critical: Gain 1 <color=#EEE9E9>Time-Stop Dagger</color> and return this skill to hand. 
On Critical: Banish this skill.","クリティカルしなかった場合、<color=#EEE9E9>時間停止-フライングナイフ</color>を1ストック得て、このスキルを手札に戻す。
クリティカルした場合、このスキルを除外する。","未暴击时，获得1把<color=#EEE9E9>时停飞刀</color>，将这个技能拿回手中。
暴击时，放逐这个技能。","未暴击时，获得1把<color=#EEE9E9>时停飞刀</color>，将这个技能拿回手中。
暴击时，放逐这个技能。"
Skill/S_Sakuya_9_Name,Text,,은부「은의 도약」,Silver Sign "Silver Bound",銀符「シルバーバウンド」,银符「银之跳跃」,银符「银之跳跃」
Skill/S_Sakuya_Knife_Name,Text,,시간 정지 비도,Time-Stop Dagger,時間停止-フライングナイフ,时停飞刀,时停飞刀
Skill/S_Sakuya_LucyD_1_Description,Text,,,,,,
Skill/S_Sakuya_LucyD_1_Name,Text,,공허「팽창 공간」,Void "Inflation Square",空虚「インフレーションスクウェア」,空虚「膨胀空间」,空虚「膨胀空间」
Skill/S_Sakuya_LucyD_Description,Text,,"스킬 1개를 뽑습니다.
덱에서 스킬 1개를 선택하여 맨 위에 놓습니다.
패에 [시부「체인질링 매직」]을 1개 추가합니다.","Draw 1 skill. 
Choose 1 skill from deck to place on top. 
Add 1 [Time Sign ""Changeling Magic""] to hand.","スキルを1枚引く。
デッキのスキルをすべて提示し、1つ選んでデッキの一番上に置く。
「時符-チェンジリングマジック」を手札に1枚加える。","抽取1个技能。
展示牌库中的技能，选择其中1个置于顶部。
将1个“时符「调换魔法」”加入手中。","抽取1个技能。
展示牌库中的技能，选择其中1个置于顶部。
将1个“时符「调换魔法」”加入手中。"
Skill/S_Sakuya_LucyD_Name,Text,,시부「터널 이펙트」,Time Sign "Tunnel Effect",時符「トンネルエフェクト」,时符「隧穿效应」,时符「隧穿效应」
Skill/S_Sakuya_P_Description,Text,,,,,,
Skill/S_Sakuya_P_Name,Text,,시계「루나 다이얼」,Watch "Lunar Dial",時計「ルナダイアル」,时计「月时计」,时计「月时计」
SkillExtended/SE_Sakuya_7_0_Des,Text,,신속' 부여 및 비용 1 감소.,Cost -1 and Swiftness.,コストが1減少し、迅速を得る。,费用减少1点、附带迅速。,费用减少1点、附带迅速。
SkillExtended/SE_Sakuya_7_0_Name,Text,,「마이 나이프 리커전」,My Knife's Recursions,マイナイフリカージョン,吾刃回归,吾刃回归
SkillExtended/SE_Sakuya_7_Des,Text,,패의 상단 혹은 하단에 위치하지 않더라도 「마술」의 추가효과를 시전합니다.,Triggers <color=#4169E1>Lunar Magic</color> from any hand position.,手札の一番上か一番下にないときでも<color=#4169E1>ルナマジック</color>の効果を発動する。,即使不在手牌顶或手牌底也能触发「月魔术」的额外效果。,即使不在手牌顶或手牌底也能触发「月魔术」的额外效果。
SkillExtended/SE_Sakuya_7_Name,Text,,「마이 나이프 리커전」,My Knife's Recursions,マイナイフリカージョン,吾刃回归,吾刃回归
SkillExtended/SE_Sakuya_P_EnforceString,Text,,,,,,
SkillExtended/SE_Sakuya_P_Name,Text,,마술,Lunar Magic,ルナマジック,月魔术,月魔术
SkillExtended/SE_Sakuya_Rare_12_Name,Text,,완벽한 메이드,Perfect Maid,パーフェクトメイド,完美女仆,完美女仆
SkillExtended/SkillExtended_Sakuya_Name,Text,,사쿠야 기본,Sakuya Base Class,咲夜の基本クラス,咲夜基类,咲夜基类
SkillKeyword/Keyword_LunaMagic_Desc,Text,,이 스킬은 패의 상단 혹은 하단에 위치하였을때 추가효과를 가집니다.,Triggers additional effects when played from top/bottom of hand.,このスキルは手札の一番上または一番下から使用するとき、追加効果が発動する。,该技能在位于手牌顶或手牌底被打出时拥有额外效果。,该技能在位于手牌顶或手牌底被打出时拥有额外效果。
SkillKeyword/Keyword_LunaMagic_Name,Text,,마술,<color=#4169E1>Lunar Magic</color>,<color=#4169E1>ルナマジック</color>,<color=#4169E1>月魔术</color>,<color=#4169E1>月魔术</color>
